app,count
密钥链,13
联系人存储,13
相机,13
浏览器,13
蓝牙共享,13
日历,13
日历存储,13
打印处理服务,13
设置,13
微信,13
文件管理,13
外部存储设备,13
输入设备,13
设置存储,13
快贷,12
计算器,12
支付宝,12
录音机,12
天气,12
电话,11
qq,11
一体化位置信息,11
手机淘宝,11
android 系统,11
时钟,10
便签,10
软件包权限帮助程序,10
证书安装程序,10
电子邮件,9
音乐,9
系统更新,9
信息,9
媒体存储,9
网络位置,9
应用商店,9
语音设置,9
腾讯视频,9
语音助手,9
用户字典,8
电话服务,8
58同城,8
美团,8
京东金融,8
高德地图,8
相册,8
下载管理器,8
京东,8
指南针,7
爱奇艺,7
手机管家,7
今日头条,7
wifi万能钥匙,7
文档,7
系统桌面,7
百度地图,7
系统用户界面,7
存储已屏蔽的号码,7
视频,7
系统界面,7
天气存储,7
工作资料设置,7
搜索,7
基本互动屏保,7
qq邮箱,7
大众点评,6
铁路12306,6
中国建设银行,6
游戏中心,6
扫一扫,6
51信用卡管家,6
开机引导,6
通话管理,6
美图秀秀,6
携程旅行,6
云服务,6
图库,6
备份,6
html 查看器,6
滴滴出行,6
查找手机,6
融360,6
收音机,6
html 查看程序,6
招商银行,5
天猫,5
电话/信息存储,5
搜狗输入法,5
联系人,5
硬件检测,5
usim卡应用,5
应用宝,5
x-divert设置,5
google服务框架,5
掌上生活,5
摩拜单车,5
急救信息,5
小区广播,5
mtp 主机,5
中国工商银行,5
文件,5
qq音乐,5
百度网盘,5
媒体存储设备,5
下载管理,5
米家,5
新闻资讯,5
存储空间管理器,5
qq同步助手,5
酷狗音乐,5
下载管理程序,5
平安普惠,5
浦发信用卡,5
百度钱包,5
电话和短信存储,5
屏幕录制,5
挖财记账,5
小米金融,5
手机营业厅,5
手机百度,5
软件包安装程序,5
交通银行,4
安全中心服务组件,4
传送门,4
电话加油包,4
游戏,4
uc浏览器,4
神隐模式,4
设备配置器,4
wfd服务,4
google帐户管理程序,4
工银融e联,4
来分期,4
米币支付,4
平安口袋银行,4
支付宝安全校验服务,4
游戏服务,4
小米服务框架,4
去哪儿旅行,4
小米快传,4
系统升级,4
短信,4
中国农业银行,4
黑洞,4
搜狗输入法小米版,4
小米卡包,4
空间管理服务,4
用户反馈,4
小米商城,4
开心消消乐®,4
无线显示,4
网络位置服务,4
我的小米,4
应用分身,4
照片屏幕保护程序,4
支付宝快捷支付服务,4
小米画报,4
小米云盘,4
sim卡应用,4
王者荣耀,4
百度输入法小米版,4
个性主题,4
设置搜索,4
直达服务,4
miui安全组件,4
授权管理,4
信息助手,4
万能遥控,4
小米云手机备份,4
悬浮球,4
mbn 测试,4
nfc服务,4
喜马拉雅fm,4
生活黄页,4
小米帐号,4
小米云服务,4
空间导航,4
招联金融,4
全球上网,4
小米钱包,4
小米vip,4
飞猪,4
安全中心,4
google通讯录同步,4
垃圾清理,4
中国移动,4
信用钱包,4
安全核心组件,4
下载,4
银联可信服务安全组件,4
通讯录与拨号,4
应用包安装程序,4
全球上网工具插件,4
联播服务,4
小米sim卡激活服务,4
安全空间代理,4
小米视频,4
定时任务,3
运动健康,3
小米视频追剧助手,3
查找手机服务,3
阅读,3
电信营业厅,3
vivo帐户,3
vivo消息推送,3
待机桌面,3
vivo服务,3
爱奇艺播放器,3
拉卡拉收款宝,3
电子书,3
挖财记账理财,3
51人品,3
钉钉,3
语音识别设置,3
浏览器插件,3
百度贴吧,3
拼多多,3
小屏,3
闹钟时钟,3
微众银行,3
小米wifi,3
还呗,3
黄页,3
智能体感,3
汽车之家,3
邮件,3
拉卡拉,3
360借条,3
交管12123,3
vivo服务安全插件,3
微信读书,3
小米智能卡,3
中信银行,3
天气（锋影）,3
媒体共享,3
手机京东,3
天气(轻简约),3
泡沫,3
动卡空间,3
i 主题,3
腾讯地图,3
华为应用市场,3
微博,3
小米生活,3
拍拍贷借款,3
搜索应用程序提供商,3
android 键盘 (aosp),3
便签(轻简约),3
小米pptv播放器插件,3
民生银行,3
qq安全中心,3
相框,3
安全防护,3
小米贷款,3
宜人贷借款,3
宜人贷,3
sim 卡应用,3
超级省电,3
小米风行播放插件,3
讯飞输入法,3
超级截屏,3
多屏互动,3
美借,3
闲鱼,3
i 管家,3
音效设置,3
vivo输入法,3
android动态壁纸,3
融合定位,3
米聊,3
光之韵律,3
买单吧,3
小米金服安全组件,3
vivo官网,3
时钟(轻简约),3
mini音乐（锋影）,3
电子保修卡,3
3d音乐演示,3
说明书,3
网商银行,3
google 日历同步,3
上海银行,3
唯品会,3
图片编辑器,3
桌面云备份,3
mini时钟（锋影）,3
设备管理,3
备份与恢复,3
小米搜狐视频播放器插件,3
骚扰拦截,3
主题,3
手电筒,3
借贷宝,3
美团外卖,3
售后服务,3
玖富叮当,3
i 音乐,3
nfc 服务,3
wlan 直连,2
平安金管家,2
k 歌特效,2
支付中心,2
腾讯新闻,2
超大字体简易模式,2
省电精灵,2
智能截屏,2
打包安装程序,2
一点资讯,2
查找我的手机,2
地图,2
drm 保护内容存储,2
酷我音乐,2
移动支付服务,2
任性付,2
黑色卡带,2
系统壁纸,2
小米服务号,2
 pp助手,2
智能解锁,2
百度输入法华为版,2
苏宁易购,2
作业帮,2
个人热点,2
神州专车,2
饿了么,2
首汽约车,2
华为移动服务,2
抖音短视频,2
华为商城,2
黑胶唱盘,2
支付中心（系统软件）,2
随手记,2
有道云笔记,2
dirac控制台,2
功夫贷,2
locationem2,2
我来贷,2
广发银行,2
沪江开心词场,2
日历挂件,2
12306汽车票,2
内存监测,2
免流量快传,2
领英,2
vivo动态壁纸,2
互传,2
读书,2
指纹与密码,2
工银e生活,2
航旅纵横,2
滴滴车主,2
蓝牙设置,2
光大银行,2
放大镜,2
小米锁屏画报,2
福利中心,2
登录网络,2
网易有道词典,2
杂志解锁服务,2
钱站,2
log信息采集,2
qq空间,2
顺丰速运,2
搜索应用提供程序,2
便签(轻.悦),2
视频解码器,2
飞常准,2
手势服务,2
动态壁纸,2
中国石化加油卡掌上营业厅,2
动态主题服务,2
脉脉,2
西瓜视频,2
google play服务,2
壹钱包,2
图片屏保程序,2
讯飞语音引擎,2
华为桌面,2
国际流量,2
天天快报,2
语音服务,2
中国银行,2
i 音乐(轻简约),2
电话/短信存储,2
智慧引擎,2
专线和网络电话,2
中华万年历-日历天气,2
珊瑚海,2
火山小视频,2
我查查,2
通过蓝牙导入,2
悬浮按钮,2
智能助理,2
信息服务,2
通话,2
分屏多任务,2
神秘音箱,2
直播,2
沪江网校,2
文件选择器,2
小米路由器,2
系统界面工具,2
网络助手,2
省电管理,2
非凡睿智,2
软件包访问帮助程序,2
工程菜单,2
网易严选,2
智能线控,2
用户词典,2
账号中心,2
ofo共享单车,2
下载内容,2
平安好车主,2
主题美化,2
赶集网,2
蓝牙,2
sim 卡联系人,2
轻舞飞扬,2
网络设置,2
通话/信息存储,2
管家服务插件,2
天际通,2
工具箱,2
意见反馈,2
翻译,2
飞贷,2
生活服务,2
百度云,2
今日头条极速版,2
flyme系统服务,2
miui论坛,2
掌上公交,2
纵横小说,2
电量守护,2
i管家服务,2
邮箱大师,2
i 挂件(轻.净),2
墨迹天气,2
软件更新,2
什么值得买,2
sim卡工具包,2
华为穿戴,2
i 挂件(轻.悦),2
标记,2
拨号,2
数据云同步,2
民生信用卡,2
推送服务,2
网络管理,2
银联可穿戴设备安全控件,2
小米运动,2
锁屏声控,2
网易邮箱大师,2
x 空间,2
壁纸,2
快钱钱包,2
系统输入法,2
ipod 风格,2
exchange 服务,2
起点读书,2
钱包,2
电话设置,2
百度手机卫士,2
移动ktv,2
换机助手,2
google play 服务,2
曲面侧屏,2
云帐号,2
主题商店,2
bsptest_v1.9.3,2
双卡管理,2
安逸花,2
魅族游戏框架,2
外部应用安装,2
一键锁屏,2
号码归属地,2
印象笔记,2
阿里巴巴,2
google帐号管理程序,2
寺库奢侈品,2
备忘录,2
驾驶模式,2
掌酷锁屏,2
镜子,2
哔哩哔哩,2
工程模式,2
吉他,2
使用技巧,2
拼图,2
拉卡拉商户通,2
闪电借款,1
花粉俱乐部,1
google vr 服务,1
安兔兔评测3d,1
黑域 社区版,1
一加帐号,1
佳能打印,1
贷款花呗,1
coloros 系统,1
天气(解锁),1
计步器,1
乐乘,1
图片加文字,1
双屏启动器,1
浮动信息,1
货拉拉-搬家拉货,1
狗市场,1
云盘,1
首旅如家,1
led 图标编辑器,1
随芯用,1
生活平台,1
sol日历,1
酷家乐设计师,1
安全信息,1
人物侧屏,1
浪漫雅圆,1
s 换机助手,1
用户帮助,1
小伴龙,1
华为杂志锁屏,1
wifi万能钥匙免费连接,1
志愿汇,1
萤石云视频,1
百度图片,1
51vv,1
oppo日志转储器,1
语音速拨,1
spg 俱乐部,1
用户体验计划,1
一加方形图标包,1
视频电话,1
三星健康,1
旗鱼浏览器,1
 360手机卫士,1
高级计数器,1
全民杭州麻将,1
造物家,1
bixby 视觉,1
常驻进程管理,1
少儿春书法,1
防误触模式,1
简报,1
万年历,1
南京汽车票,1
花样菜场,1
讯飞语记,1
借钱快,1
恐龙乐园2-宝宝巴士,1
google 帐户管理程序,1
慧付钱包,1
达达,1
虚拟旅程拍摄,1
美团打车,1
熊猫看书,1
腾讯体育,1
流动的色彩壁纸,1
电池样式选择,1
消灭星星经典版,1
高德位置服务,1
三星盖乐世,1
虹膜,1
现金巴士,1
默认 3d 动态贴纸,1
短信转发器专业版,1
 懒人听书 ,1
卡农社区,1
touchwiz 主屏幕,1
百度音乐,1
你好 bixby,1
声音检测器,1
修店宝,1
默认,1
音乐(轻简约),1
百变导航栏,1
wi-fi杀手检测,1
影市,1
开机向导,1
一账通,1
手机追踪,1
连接助理,1
设备信息,1
sim卡联系人管理,1
手势体感,1
东方航空,1
乐心运动,1
违章查询助手,1
cad快速看图,1
视频播放器,1
信用管家借钱贷款,1
全民k歌,1
华为会员服务,1
成都公积金,1
宜信金服,1
银收宝,1
教育一线通,1
三星浏览器面板,1
速递易,1
now直播,1
mini便签（锋影）,1
可可宝贝,1
微店,1
货拉拉司机版,1
视频•优酷版,1
气泡,1
乐同步,1
百度翻译,1
三星应用商店,1
智能声控,1
选择性对焦,1
mix锁屏音乐挂件,1
掌上电力,1
华为支付,1
imslogger+,1
静心池,1
宝宝点点画-宝宝巴士,1
逸想天开,1
快装,1
touchwiz 简易主屏幕,1
商店,1
考拉征信(极速放款),1
电量和性能,1
视频编辑器,1
我的事件,1
亚马逊购物,1
微信视频,1
网易游戏,1
谷歌拼音输入法,1
福田e家,1
锁屏杂志,1
微信虚拟定位,1
qd代理助手,1
电池,1
小米漫游,1
嘀嗒拼车,1
易车保,1
智能识别,1
360 照片编辑器,1
夸克浏览器,1
闪送,1
控制中心,1
花椒直播,1
嘉兴棋牌圈子,1
助理菜单,1
近期任务,1
贝贝-买母婴上贝贝,1
常用联系人,1
菜鸟裹裹,1
在 pdf 上书写,1
宝宝钓鱼-宝宝巴士,1
中英互译-翻译官,1
58违章查询,1
崔玉涛育学园,1
去哪儿攻略,1
应用程序扩展服务,1
usb 调试,1
知乎,1
默认印章,1
华为游戏中心,1
积木盒子,1
酒窝直播,1
下载管理服务,1
应用程序侧屏,1
sim 卡管理器,1
客运12308,1
grim设置,1
动态信息,1
优步车主端,1
华为视频,1
权限大师,1
随行付收银台,1
优品财富,1
多看阅读,1
二维码扫描,1
嘀嗒出行,1
wlan 直连分享,1
云监控（大众版）,1
乐赚炒股,1
信而富,1
好借好还,1
魔术卷尺,1
盛名时刻表,1
华为钱包,1
有书共读,1
锁屏音乐挂件,1
温州茶苑,1
慢动作和快动作视频播放器和编辑器,1
贺卡,1
仓库管理系统,1
智能管理器,1
google play 商店,1
键盘锁,1
高亮显示视频播放器,1
3d parallax background,1
宝宝手指画-宝宝巴士,1
一加辅助定位服务,1
wlan直连,1
融360贷款,1
一起作业学生,1
网易邮箱,1
放大预览,1
屏幕助手,1
亚马逊 kindle,1
乐车邦_养车保养,1
哈罗单车,1
触宝号码助手,1
现金借款,1
证书安装器,1
bixby 主页,1
mtk android套件精灵,1
拍立淘,1
简易贷,1
系统升级服务,1
log工具,1
音乐可视化壁纸,1
涡轮下载,1
boss直聘,1
荒野行动,1
八闽生活,1
异次元,1
360手机助手,1
uc,1
叮咚,1
google pdf查看器,1
metro大都会,1
豌豆荚,1
配置信息,1
系统消息,1
神州租车,1
拉卡拉钱包,1
优酷,1
intelligenceservice2,1
同花顺,1
三星笔记,1
汤姆猫跑酷,1
情景智能,1
爱壁纸,1
旅行翻译官,1
个人中心,1
嗨学课堂,1
今目标,1
e通卡,1
百度输入法,1
51公积金管家,1
广西移动,1
医库,1
蓝牙分享,1
faceu激萌,1
快的打车,1
华夏银行,1
浪漫雅圆体,1
cpu 监测,1
安卓解压,1
英语魔方秀,1
e代驾,1
超级授权,1
今日头条去广告插件,1
一键生成,1
小米游戏中心福利助手,1
华为服务框架,1
淘票票,1
口袋记账,1
手机功能测试,1
扫名片,1
uc头条,1
平安证券,1
个性化服务,1
腾讯视频小米版,1
三星截屏,1
穷游,1
电话管理,1
天翼视讯,1
鑫财通交易,1
快贷贷款,1
现金白卡\/现金卡,1
一加默认图标包,1
中华万年历日历,1
向钱贷,1
华为 swype 输入法,1
oppo 互传,1
乐车邦,1
运满满货主,1
联系人黑名单,1
游戏工具,1
扇贝单词,1
常见问题检测,1
直播吧,1
三星牛奶音乐,1
投资品交易系统,1
美团打车司机,1
百度输入法一加版,1
挖财宝,1
标签,1
豆瓣阅读,1
三星视频,1
锤子便签,1
少儿春,1
英语趣配音,1
多用助手,1
卡卡健康,1
搜狐新闻三星版,1
陆鲸货主,1
货车宝货车导航,1
使用说明,1
物通网货主版,1
优拜单车,1
纪念碑谷,1
新浪财经,1
氢桌面,1
和粉,1
wapi证书,1
人众金服理财投资,1
个人紧急信息,1
宝宝美食街-宝宝巴士,1
彩蛋动画,1
天翼云盘,1
三星文字转语音引擎,1
默认打印服务,1
沃视频,1
微软雅黑字体,1
泡泡,1
内涵视频,1
百度糯米,1
提醒,1
星巴克,1
远程控制,1
秒钱,1
扫描全能王,1
任务侧屏,1
搜狗手机助手,1
挖财宝-理财,1
快递100,1
一键加速,1
现金速递,1
华为云服务,1
车轮,1
农行掌上银行,1
视频拼贴,1
口语100,1
烟台论坛,1
锁屏通知,1
测速大师,1
sim 卡应用程序,1
迷你飞信,1
挖财股神,1
万达贷,1
好运万年历,1
天天酷跑,1
金考典,1
印象贷,1
闪电盒子,1
视频编辑器精简版,1
屏幕概览,1
和飞信,1
增强功能,1
我的个人资料,1
画板,1
趣机,1
成都银行,1
shot on oneplus 在线壁纸,1
球探-足球比分直播,1
安全政策更新,1
挖财宝理财,1
蔚蓝棋牌,1
水印,1
阿里通信,1
视频（播放器）,1
华住,1
wlan 安全检测,1
秒秒通,1
用户手册,1
三星盖乐世好友,1
钛备份,1
迅雷播放器,1
教师端,1
钱盾,1
财富证券开户,1
乐动力,1
8分钟健身专业版,1
云闪付,1
足球魔方,1
中国假期存储,1
有鱼贷款,1
系统默认,1
儿童空间,1
umu互动,1
智能遥控,1
慢动作编辑器,1
淘在路上,1
小米vr,1
记账,1
exchange服务,1
dlna 服务,1
更新服务,1
一加圆形图标包,1
返利,1
花椒,1
赏金联盟,1
华为钱包安全支付,1
流量宝,1
三国如龙传,1
galaxy特色订制 小组件,1
录音,1
360° 照片编辑器,1
蚂蚁财富,1
e安装企业版,1
中汇商户通,1
三星键盘,1
手势体感服务,1
设备安全,1
妈妈网孕育,1
魔法贴,1
闪银,1
管理中心,1
车轮查违章,1
优信二手车,1
安卓壁纸,1
fzltkhk.ttf(ifont),1
小蚁摄像机,1
途牛旅游,1
关屏锁定,1
滚动截屏,1
游戏加速sdk,1
叔叔工具箱,1
搜狐新闻曲屏版,1
卡券,1
好贷,1
开心网,1
简报订阅源,1
借点钱贷款,1
负一屏,1
瑞刷,1
小鲤鱼育儿,1
速览,1
语音控制,1
备份和恢复管理器,1
卡卡贷,1
隐私保护,1
分贝检测大师,1
腾讯充值,1
喜马拉雅fm-听书电台,1
环绕拍摄,1
社会扶贫,1
优步 - uber,1
网易云音乐,1
广发易淘金,1
帝国时代,1
孩子王,1
应用程序安装器,1
卡宜贷代还版,1
穿越火线：枪战王者,1
图片特效,1
小米助手,1
新浪新闻,1
投屏神器,1
你我贷借款,1
新浪博客,1
酷拨365,1
上滑解锁,1
向上理财,1
肯德基,1
一加漫游,1
贝贝,1
应用中心,1
蓝牙除错工具,1
cad手机看图,1
西祠胡同,1
sim 工具包,1
动态广角自拍查看器,1
三星账单,1
在线黄页,1
绿色守护,1
快贷（贷款.借钱.借贷）,1
长截屏,1
上海社保,1
sim卡联系人,1
动态全景取景器,1
神马专车,1
湖北农信,1
邮e贷,1
率土之滨,1
照相机测试,1
厦门人才网个人版,1
华住会,1
智联招聘,1
应用程序锁定,1
缤纷生活,1
你我金融贷款借钱,1
典典养车,1
蚂蚁小卡,1
发现精彩,1
s 健康,1
龙腾出行,1
51人品理财,1
360股票,1
登山赛车,1
阿里此刻,1
亲情关怀,1
下厨房,1
颜色调整,1
金山词霸,1
途虎养车,1
天天特价,1
小蓝单车,1
蓝光过滤,1
无线设置,1
同程旅游,1
提谱旅行,1
欧路词典,1
爱卡汽车,1
邮币财富,1
手表应用同步,1
相册故事,1
天气预报,1
快速连接,1
爱莫助手,1
360云盘,1
栖霞教育,1
向日葵远程控制,1
关于 s pen,1
打开日历,1
车到加油,1
启动器,1
短信悬浮窗,1
订阅日历,1
玖富万卡,1
福建农信,1
高德出行服务,1
驴妈妈旅游,1
蓝灯,1
yy,1
君融贷,1
邮币资讯,1
视频编辑,1
 米兔手表 ,1
口粮,1
三星云,1
狼人杀,1
小魔女大冒险,1
航班管家,1
体验计划,1
截屏,1
手机,1
榴莲,1
hello语音交友,1
wifi 密码查看器,1
章鱼,1
支付保护中心,1
vivo美图贴贴,1
ant+ hal 服务,1
动态壁纸选择器,1
云同步,1
信用钱包-贷款易,1
小米直播助手,1
益盟操盘手经典版,1
锦江之星,1
支付宝扫码,1
中医药宝典,1
掌酷引擎,1
浪漫雅园最终版(ifont),1
转转,1
剪贴板侧屏,1
免费电话,1
影梭,1
浦发银行,1
华彩生活,1
拨号器存储,1
字典,1
手机管家权限管理,1
快速工具,1
掌上药店,1
汽车报价大全,1
58速运,1
车缴,1
华为通讯录,1
应用市场,1
指尖贷,1
媒体存储器,1
声音挑选程序,1
3d 视差背景,1
通知管理,1
自动清理,1
学考网,1
生活助手,1
手机服务,1
官方公告,1
叭叭物流货主版,1
移动网络,1
三星生活助手,1
beats audio™,1
即刻贷-快速贷款,1
零用金,1
小萌逗,1
宝宝沙滩乐-宝宝巴士,1
adobe flash player 11.1,1
信用管家,1
鑫联盟,1
科乐长春麻将,1
大蓝鲸,1
极速安全加速器,1
瓜子二手车,1
小爱同学,1
三星语音输入,1
浅塘,1
百变引擎,1
帮助与反馈,1
慧学网,1
s 助手,1
后台打印程序,1
息屏提醒,1
爱家康,1
永安行,1
 小寻 ,1
智能多截图,1
会员宝商户,1
递推宝,1
锦江旅行,1
魔法现金,1
google 服务框架,1
人人贷理财,1
放大,1
google+,1
天际通数据服务,1
ddt 测试,1
关于 s pen 功能,1
三星音乐,1
位置共享,1
条码扫描器,1
腾讯微云,1
小赢卡贷,1
虚拟拍摄查看器,1
会计帮,1
nearby2.0,1
电子保卡,1
汉典,1
欢乐书客,1
凭证安装,1
小米枪战,1
屏幕录像,1
通用开关,1
双开助手微信多开分身,1
视频剪辑器,1
护目镜（夜已沉默制作）,1
平安保险商城,1
口碑,1
无线分享,1
360浏览器,1
电商助手,1
时钟（插件）,1
e通卡年审补登,1
兴业银行,1
链家,1
默认动态贴纸,1
账户中心,1
有道翻译官,1
识装,1
天天p图,1
一加小部件,1
智能家居,1
安卓市场,1
贷款助手,1
百度知道,1
闪电宝,1
曹操专车,1
钱宝有票,1
远程协助,1
下书网,1
中华万年历,1
天下信用-信用查询,1
益联益家,1
美拍,1
潮汐,1
天气通,1
现金钱包贷,1
市民云,1
贷贷款（贷款.借钱.借贷）,1
考拉畅付,1
360手机卫士,1
充电相册,1
fitter健身,1
2345贷款王-贷款借钱,1
etcp停车,1
红板报,1
天眼查企业信用查询,1
照片,1
r.e 管理器,1
go桌面,1
错误,1
江苏移动掌上营业厅,1
快应用,1
咪咕视频,1
系统 ui,1
联系人黑名单存储,1
杉德哆啦云,1
翼支付,1
爱字体,1
红包助手,1
火币比特币,1
微博-一加专版,1
沃钱包,1
应用商店反馈代理程序,1
拍拍贷借款(贷款·借钱),1
爱代驾,1
会计帮-2018初级会计cpa考试,1
浦发手机银行,1
么么钱包,1
车挣,1
jj斗地主,1
天下信用,1
违章随手拍,1
应用包访问权限帮助程序,1
海词词典,1
速贷现金借款贷款,1
资讯,1
互动控制,1
故事视频编辑器,1
软件商店,1
双击锁屏,1
指纹快捷操作,1
汽车票管家,1
网易考拉海购,1
爱壁纸hd,1
kindle阅读,1
听歌学英语,1
google 通讯录同步,1
58到家,1
环形启动器,1
当当,1
广发证券易淘金,1
小葱钱包,1
天翼生活,1
用户中心,1
一加系统服务,1
淘古趣,1
samsung 打印服务插件,1
qq浏览器,1
拍拍贷,1
开机注册,1
音乐扒手,1
阳光惠生活,1
住这儿,1
文件加密,1
粉粉日记,1
简易记账,1
省电宝,1
华为帐号,1
优品股票通,1
掌上110,1
蚂蜂窝自由行,1
qbike单车,1
触书院,1
银联钱包,1
微云,1
还乐,1
智能家庭,1
录制屏幕,1
美颜相机,1
浮动信息授权,1
心理fm,1
一加桌面,1
旺信,1
360借条分期贷款,1
我的兴趣,1
谷歌安装器,1
mtp 服务,1
鲜果,1
行情系统,1
易到,1
samsung mirrorlink 1.1,1
系统服务,1
正妹物语,1
android 动态壁纸,1
三星安装向导,1
朝夕,1
花生地铁wifi,1
名片全能王,1
语音唤醒,1
bixby 语音,1
qq阅读,1
我的文件,1
方正悠黑6l,1
沪江cctalk,1
薪粤我来贷,1
虾米音乐,1
视频插件,1
上海人社,1
飞信,1
蓝牙导入联系人,1
三星帐户,1
顺手付,1
应用更新,1
惠头条,1
票根,1
快修,1
三星浏览器,1
掌上营业厅,1
星座侧屏,1
定时开关机,1
人人爱家金融,1
美柚,1
同花顺炒股票,1
ip公社,1
澳客彩票,1
运营商的标签,1
王者荣耀攻略助手,1
安全支付,1
fs体,1
加油宝,1
光束,1
品质365,1
陌陌,1
小米支付,1
宝宝巴士大全,1
呼噜圈,1
信用管家-征信借钱,1
掌上新华,1
有贝钱袋,1
三星定位sdk,1
通知,1
安吉星,1
爱彼迎,1
魅族游戏中心福利助手,1
沪江小d词典,1
万能wifi,1
开心消消乐™,1
真.跑马灯,1
沪江学习,1
黑名单,1
链接分享,1
人人车二手车,1
王者荣耀助手,1
淘车二手车,1
安全助理,1
游戏加速,1
折800,1
蚂蚁聚宝,1
实时对焦,1
安全存储,1
青客公寓,1
bixby 映射,1
最好的节拍器,1
互联网面板,1
哆哆识字,1
借点钱,1
搜狗输入法oppo版,1
公积金借钱,1
映客直播,1
内涵段子,1
乐米彩票,1
淮安网,1
新盛富,1
租租车,1
双卡与移动网络,1
小黑鱼,1
指纹,1
糖猫,1
闪电换机,1
悬浮菜单,1
截屏编写,1
青客宝,1
黑域,1
小腰包,1
美篇,1
碰碰贴,1
浮窗指令,1
英雄联盟控,1
wifi管家,1
我的南京,1
安智市场,1
安心付,1
mtp应用程序,1
数理化,1
我的南京-主干道监控,1
开心消消乐,1
南京银行,1
微贷网,1
公积金借贷,1
天行广告卫士,1
天气服务,1
支付保护,1
风行视频,1
s 漫游,1
镭光,1
头条日报,1
蘑菇街,1
vivologupdate_2014.04.29,1
弹出式提醒 butteredtoast,1
盛夏光年,1
私密模式,1
腹部减肥教程,1
人众金服,1
码上还,1
快手,1
共享wlan探测服务,1
智能识别陌生号码,1
互联网,1
中国国航,1
度秘sdk,1
南京工会,1
极光设置,1
阿里旅行,1
乐贷款,1
摩尔金融,1
必有,1
通讯录,1
花伴侣,1
钱宝,1
电话本,1
南京公积金,1
咪咕善跑,1
android 系统应用,1
惠锁屏,1
flipboard新闻,1
临床执业医师星题库,1
米·秒,1
秘境对决,1
oppo会员,1
流量校准服务,1
学生模式,1
快视频,1
腾讯课堂,1
华为生活服务,1
1号店,1
企查查企业信用信息查询,1
荣耀阅读,1
momo陌陌,1
心意答学生,1
对啊课堂,1
